epoch,time,train/box_loss,train/cls_loss,train/l1_loss,metrics/precision(B),metrics/recall(B),metrics/mAP50(B),metrics/mAP50-95(B),val/box_loss,val/cls_loss,val/l1_loss,lr/pg0,lr/pg1,lr/pg2
1,30.5449,2.52273,20.4904,0.00263,0.71999,0.78159,0.71541,0.35777,1.75343,nan,0.00196,0.000665158,0.000665158,0.000665158
2,58.8216,1.64771,5.54159,0.00154,0.95391,0.85138,0.86499,0.56686,1.37923,nan,0.00155,0.00131864,0.00131864,0.00131864
3,86.8135,1.51704,2.6388,0.00141,0.96417,0.8619,0.89136,0.59464,1.27378,nan,0.00141,0.00195892,0.00195892,0.00195892
4,112.901,1.35488,1.63576,0.00129,0.95849,0.85932,0.88875,0.63219,1.28458,nan,0.00142,0.0019406,0.0019406,0.0019406
5,140.312,1.29824,1.2714,0.00121,0.97546,0.88051,0.90035,0.6798,1.06398,nan,0.00115,0.0019208,0.0019208,0.0019208
6,166.481,1.19206,1.1086,0.0011,0.97814,0.87654,0.89298,0.64516,1.09755,nan,0.00119,0.001901,0.001901,0.001901
7,192.519,1.24169,0.99751,0.00115,0.96516,0.88247,0.88233,0.69857,1.01441,nan,0.00114,0.0018812,0.0018812,0.0018812
8,218.723,1.104,0.90235,0.00104,0.97955,0.89146,0.908,0.69619,0.98972,nan,0.0011,0.0018614,0.0018614,0.0018614
9,244.765,1.08297,0.87712,0.001,0.95486,0.87267,0.89465,0.68738,1.01438,1.3323,0.00116,0.0018416,0.0018416,0.0018416
10,270.759,1.09887,0.82066,0.00101,0.9728,0.88541,0.88879,0.71157,1.03154,nan,0.00115,0.0018218,0.0018218,0.0018218
11,296.99,1.10123,0.76728,0.00098,0.97992,0.88639,0.90531,0.73362,0.96423,nan,0.00105,0.001802,0.001802,0.001802
12,323.296,0.98282,0.72482,0.00089,0.98031,0.89226,0.90775,0.74957,0.91098,nan,0.00097,0.0017822,0.0017822,0.0017822
13,349.492,0.97232,0.67295,0.00088,0.98994,0.88834,0.90273,0.74008,0.90166,0.70741,0.00101,0.0017624,0.0017624,0.0017624
14,375.546,0.96454,0.65957,0.00085,0.97937,0.88328,0.90668,0.75663,0.88869,nan,0.001,0.0017426,0.0017426,0.0017426
15,401.625,0.92299,0.65165,0.00084,0.99016,0.8872,0.90225,0.76272,0.87708,nan,0.00098,0.0017228,0.0017228,0.0017228
16,427.774,0.92005,0.64893,0.00083,0.9857,0.89226,0.90898,0.76911,0.81631,0.68725,0.0009,0.001703,0.001703,0.001703
17,453.794,0.97135,0.66898,0.00088,0.97863,0.89705,0.90026,0.75574,0.863,0.67164,0.00096,0.0016832,0.0016832,0.0016832
18,479.8,0.93761,0.62835,0.00086,0.98619,0.9001,0.91071,0.75458,0.83744,0.62868,0.00092,0.0016634,0.0016634,0.0016634
19,505.778,0.94626,0.64756,0.00084,0.98965,0.89324,0.90086,0.76638,0.81587,0.63335,0.00091,0.0016436,0.0016436,0.0016436
20,531.716,0.92291,0.61844,0.00082,0.98714,0.90187,0.90477,0.77361,0.83019,0.67466,0.00092,0.0016238,0.0016238,0.0016238
21,557.783,0.88264,0.57337,0.00078,0.98606,0.90083,0.9045,0.77033,0.81782,0.62486,0.00091,0.001604,0.001604,0.001604
22,583.817,0.86819,0.58125,0.00077,0.99224,0.89716,0.91145,0.77139,0.81268,nan,0.00091,0.0015842,0.0015842,0.0015842
23,609.854,0.91751,0.60202,0.00084,0.98269,0.88982,0.9037,0.77055,0.82508,0.64433,0.00094,0.0015644,0.0015644,0.0015644
24,635.907,0.87157,0.56195,0.00077,0.99566,0.89967,0.91065,0.777,0.79788,0.60072,0.00089,0.0015446,0.0015446,0.0015446
25,661.977,0.84177,0.54932,0.00074,0.98343,0.90206,0.91137,0.78956,0.75947,0.53617,0.00083,0.0015248,0.0015248,0.0015248
26,688.046,0.86214,0.58961,0.00075,0.99617,0.9001,0.91214,0.78702,0.75313,0.54658,0.00083,0.001505,0.001505,0.001505
27,714.082,0.84887,0.56837,0.00076,0.99231,0.9001,0.90914,0.79005,0.76,0.55495,0.00086,0.0014852,0.0014852,0.0014852
28,740.221,0.82577,0.55575,0.00072,0.99566,0.89843,0.90479,0.79732,0.75133,0.59352,0.00084,0.0014654,0.0014654,0.0014654
29,766.612,0.79558,0.51976,0.00068,0.99118,0.9001,0.91527,0.80197,0.71391,0.60175,0.0008,0.0014456,0.0014456,0.0014456
30,792.851,0.80952,0.53209,0.00073,0.98811,0.89814,0.91271,0.78075,0.7779,0.57356,0.00086,0.0014258,0.0014258,0.0014258
31,819.084,0.82849,0.53313,0.00073,0.99137,0.90061,0.91031,0.79785,0.72048,0.54317,0.00079,0.001406,0.001406,0.001406
32,845.261,0.77946,0.50702,0.00067,0.98875,0.9001,0.91242,0.79809,0.73199,0.53796,0.0008,0.0013862,0.0013862,0.0013862
33,871.456,0.81717,0.54882,0.00071,0.98386,0.89548,0.90706,0.7971,0.73398,0.56972,0.0008,0.0013664,0.0013664,0.0013664
34,897.642,0.80017,0.55734,0.00071,0.99235,0.90304,0.91531,0.79733,0.76435,0.54601,0.00086,0.0013466,0.0013466,0.0013466
35,923.779,0.77441,0.50884,0.00065,0.99433,0.89912,0.91655,0.78483,0.76527,0.51634,0.00086,0.0013268,0.0013268,0.0013268
36,949.882,0.77379,0.50483,0.00065,0.9935,0.89757,0.91342,0.81211,0.69944,0.5151,0.0008,0.001307,0.001307,0.001307
37,976.017,0.76937,0.53841,0.00067,0.99241,0.89669,0.9153,0.80668,0.67514,0.51483,0.00074,0.0012872,0.0012872,0.0012872
38,1002.24,0.77797,0.51139,0.0007,0.99556,0.905,0.91473,0.81414,0.67826,0.51319,0.00075,0.0012674,0.0012674,0.0012674
39,1028.42,0.76074,0.46942,0.00065,0.99565,0.89753,0.91577,0.81603,0.68216,0.51695,0.00075,0.0012476,0.0012476,0.0012476
40,1054.59,0.72632,0.44695,0.00063,0.98816,0.89889,0.91166,0.82514,0.65533,0.50413,0.00072,0.0012278,0.0012278,0.0012278
41,1080.75,0.7362,0.50253,0.00063,0.98846,0.90793,0.91728,0.81291,0.69293,0.50599,0.00075,0.001208,0.001208,0.001208
42,1106.93,0.72983,0.46199,0.00062,0.97969,0.9001,0.91586,0.81843,0.67098,0.53234,0.00072,0.0011882,0.0011882,0.0011882
43,1132.96,0.72728,0.47506,0.00062,0.98819,0.90154,0.91144,0.82275,0.63454,0.50048,0.00067,0.0011684,0.0011684,0.0011684
44,1158.99,0.70718,0.4554,0.0006,0.99168,0.90793,0.91679,0.82598,0.64823,0.47843,0.0007,0.0011486,0.0011486,0.0011486
45,1185.19,0.72905,0.45208,0.00063,0.99463,0.90623,0.91673,0.82099,0.64659,0.48664,0.00067,0.0011288,0.0011288,0.0011288
46,1211.33,0.69991,0.43204,0.00058,0.99586,0.90304,0.91815,0.82988,0.63776,0.49175,0.00068,0.001109,0.001109,0.001109
47,1237.53,0.6988,0.45872,0.0006,0.99251,0.90884,0.91952,0.81485,0.67014,0.55822,0.00071,0.0010892,0.0010892,0.0010892
48,1263.61,0.70789,0.50056,0.0006,0.99558,0.90597,0.91326,0.81832,0.64129,0.50113,0.0007,0.0010694,0.0010694,0.0010694
49,1289.78,0.73051,0.48556,0.00063,0.99144,0.9077,0.91899,0.83246,0.64235,0.46924,0.00069,0.0010496,0.0010496,0.0010496
50,1316.04,0.70514,0.49829,0.0006,0.99357,0.90828,0.91769,0.82707,0.63958,0.47304,0.00067,0.0010298,0.0010298,0.0010298
51,1342.23,0.68455,0.4622,0.00058,0.98725,0.90994,0.91834,0.83412,0.61503,0.4773,0.00066,0.00101,0.00101,0.00101
52,1368.41,0.69186,0.46265,0.00058,0.99466,0.90597,0.9199,0.83225,0.64034,0.47183,0.00068,0.0009902,0.0009902,0.0009902
53,1394.56,0.69614,0.47606,0.00058,0.99547,0.90304,0.91885,0.82255,0.65821,0.49752,0.00069,0.0009704,0.0009704,0.0009704
54,1420.69,0.67275,0.43261,0.00055,0.99531,0.90304,0.9167,0.82879,0.62753,0.4814,0.00067,0.0009506,0.0009506,0.0009506
55,1446.86,0.67757,0.46326,0.00056,0.99653,0.905,0.91995,0.84456,0.60149,0.45701,0.00064,0.0009308,0.0009308,0.0009308
56,1473.12,0.67155,0.4639,0.00056,0.99567,0.90793,0.91819,0.83874,0.60977,0.47342,0.00064,0.000911,0.000911,0.000911
57,1499.26,0.66464,0.43688,0.00056,0.99251,0.91087,0.91801,0.84414,0.59063,0.46542,0.00064,0.0008912,0.0008912,0.0008912
58,1525.41,0.64355,0.40614,0.00054,0.99602,0.905,0.91574,0.84118,0.60428,0.46152,0.00065,0.0008714,0.0008714,0.0008714
59,1552.25,0.64863,0.41154,0.00055,0.9946,0.90891,0.91813,0.84275,0.60618,0.45603,0.00063,0.0008516,0.0008516,0.0008516
60,1580.41,0.63557,0.39868,0.00054,0.99463,0.9067,0.91879,0.84534,0.60248,0.45791,0.00063,0.0008318,0.0008318,0.0008318
61,1608.09,0.63094,0.4189,0.00051,0.99291,0.91087,0.92081,0.844,0.58583,0.48954,0.00063,0.000812,0.000812,0.000812
62,1634.64,0.63702,0.41716,0.00052,0.99548,0.90695,0.91767,0.84884,0.59647,0.47366,0.00063,0.0007922,0.0007922,0.0007922
63,1660.9,0.6332,0.42765,0.00053,0.99463,0.90757,0.91991,0.84697,0.58114,0.47118,0.00059,0.0007724,0.0007724,0.0007724
64,1687.1,0.62106,0.40227,0.0005,0.99444,0.91185,0.92131,0.85275,0.58187,0.45097,0.0006,0.0007526,0.0007526,0.0007526
65,1713.34,0.61794,0.4047,0.00051,0.99427,0.90597,0.91506,0.8466,0.58473,0.46033,0.00062,0.0007328,0.0007328,0.0007328
66,1739.55,0.62868,0.40129,0.00051,0.99357,0.9086,0.91606,0.85249,0.56966,0.4557,0.0006,0.000713,0.000713,0.000713
67,1765.81,0.59808,0.36956,0.00047,0.99352,0.90989,0.91751,0.84401,0.58321,0.44592,0.00061,0.0006932,0.0006932,0.0006932
68,1792.08,0.60526,0.39704,0.00049,0.99571,0.90884,0.91954,0.85369,0.55893,0.44479,0.00059,0.0006734,0.0006734,0.0006734
69,1818.31,0.6104,0.38306,0.00049,0.99241,0.90793,0.91825,0.8551,0.56247,0.44283,0.00058,0.0006536,0.0006536,0.0006536
70,1844.59,0.6137,0.39787,0.0005,0.99464,0.9091,0.91883,0.85681,0.55137,0.43475,0.00057,0.0006338,0.0006338,0.0006338
71,1870.91,0.58793,0.3853,0.00048,0.99462,0.90501,0.9166,0.85536,0.56421,0.45946,0.00059,0.000614,0.000614,0.000614
72,1897.13,0.59004,0.37778,0.00048,0.99249,0.90648,0.91601,0.85331,0.56036,0.43722,0.0006,0.0005942,0.0005942,0.0005942
73,1923.43,0.59779,0.37493,0.00049,0.99465,0.91003,0.91992,0.85898,0.55346,0.43299,0.00058,0.0005744,0.0005744,0.0005744
74,1949.61,0.60577,0.40998,0.00048,0.99663,0.90989,0.92069,0.85642,0.56413,0.43058,0.00057,0.0005546,0.0005546,0.0005546
75,1975.75,0.58739,0.4083,0.00047,0.99439,0.91087,0.92004,0.85891,0.54308,0.42547,0.00056,0.0005348,0.0005348,0.0005348
76,2001.87,0.57679,0.36987,0.00046,0.99465,0.9106,0.92092,0.85404,0.57199,0.42729,0.00059,0.000515,0.000515,0.000515
77,2028.1,0.59524,0.38947,0.00049,0.99333,0.91185,0.91789,0.85485,0.55598,0.44209,0.00057,0.0004952,0.0004952,0.0004952
78,2054.28,0.6025,0.37653,0.00047,0.99645,0.91185,0.92078,0.85985,0.5471,0.41934,0.00056,0.0004754,0.0004754,0.0004754
79,2080.44,0.56536,0.36978,0.00046,0.99465,0.91023,0.92078,0.85693,0.5606,0.41978,0.00059,0.0004556,0.0004556,0.0004556
80,2106.69,0.56898,0.35795,0.00046,0.99464,0.90876,0.92103,0.85803,0.55045,0.42716,0.00057,0.0004358,0.0004358,0.0004358
81,2132.89,0.58277,0.38533,0.00047,0.99446,0.91283,0.91879,0.86226,0.54689,0.42703,0.00056,0.000416,0.000416,0.000416
82,2159.13,0.56516,0.36433,0.00045,0.99325,0.91185,0.9184,0.86557,0.54054,0.42216,0.00056,0.0003962,0.0003962,0.0003962
83,2185.31,0.57295,0.38965,0.00046,0.99253,0.91085,0.91711,0.85897,0.54187,0.42684,0.00056,0.0003764,0.0003764,0.0003764
84,2211.5,0.54901,0.36428,0.00043,0.99572,0.91055,0.9171,0.85661,0.54548,0.43312,0.00057,0.0003566,0.0003566,0.0003566
85,2237.68,0.53923,0.33956,0.00042,0.99678,0.90988,0.9201,0.86766,0.5284,0.42196,0.00055,0.0003368,0.0003368,0.0003368
86,2263.95,0.55876,0.36849,0.00045,0.99499,0.91185,0.91835,0.86525,0.53383,0.4307,0.00057,0.000317,0.000317,0.000317
87,2290.18,0.54354,0.35271,0.00042,0.99466,0.91252,0.91833,0.86113,0.55323,0.42783,0.00056,0.0002972,0.0002972,0.0002972
88,2316.39,0.54029,0.35339,0.00042,0.99433,0.91283,0.91685,0.86016,0.5347,0.41976,0.00056,0.0002774,0.0002774,0.0002774
89,2342.69,0.54197,0.3425,0.00041,0.99544,0.91283,0.91689,0.86393,0.5406,0.42243,0.00055,0.0002576,0.0002576,0.0002576
90,2368.9,0.5358,0.34659,0.00043,0.99129,0.91185,0.91678,0.86631,0.52835,0.42154,0.00054,0.0002378,0.0002378,0.0002378
91,2395.76,0.5196,0.33887,0.00041,0.99466,0.91176,0.91801,0.8662,0.53135,0.41697,0.00054,0.000218,0.000218,0.000218
92,2421.75,0.51083,0.33708,0.0004,0.99455,0.91283,0.91634,0.86336,0.53458,0.41924,0.00055,0.0001982,0.0001982,0.0001982
93,2447.64,0.50979,0.32532,0.00039,0.99572,0.91084,0.91691,0.86494,0.53104,0.41823,0.00054,0.0001784,0.0001784,0.0001784
94,2473.55,0.50037,0.32197,0.00039,0.99667,0.91283,0.91774,0.86647,0.52576,0.41256,0.00053,0.0001586,0.0001586,0.0001586
95,2499.51,0.50322,0.32418,0.00039,0.99679,0.91277,0.91754,0.86641,0.52621,0.41082,0.00054,0.0001388,0.0001388,0.0001388
96,2525.45,0.50038,0.32403,0.00039,0.99673,0.91283,0.91806,0.86536,0.52227,0.4044,0.00054,0.000119,0.000119,0.000119
97,2551.43,0.49871,0.32592,0.00039,0.99657,0.91283,0.91807,0.86578,0.52158,0.40964,0.00053,9.92e-05,9.92e-05,9.92e-05
98,2577.37,0.49384,0.31851,0.00038,0.99664,0.91283,0.91754,0.86715,0.5239,0.41323,0.00053,7.94e-05,7.94e-05,7.94e-05
99,2603.31,0.49629,0.32103,0.00039,0.99679,0.91283,0.91915,0.86901,0.51992,0.41224,0.00053,5.96e-05,5.96e-05,5.96e-05
100,2629.33,0.49006,0.30917,0.00038,0.99683,0.91185,0.91784,0.86726,0.52418,0.41715,0.00053,3.98e-05,3.98e-05,3.98e-05
